login,nom,prénom,mail
jarri_j,JARRI,Jonathan,jonathan.jarri@epita.fr
morice_e,MORICE,Erika,erika.morice@epita.fr
brugue_g,BRUGUEROLE,Gabriel,gabriel.bruguerole@epita.fr